S. No,Unit,Topic,Page no
1,I,Cyber security introduction -Basics,5
2,I,Layers of Security,9
3,I,"Security vulnerabilities, threats and Attacks",11
4,I,Cyber Threats-Cyber-Warfare,16
5,II,Cyberspace and the Law & Cyber Forensics,19
6,II,National Cyber security Policy,22
7,II,Cyber Forensics,23
8,III,Cybercrime-Mobile and wireless devices,30
9,III,Security Challenges proposed by Mobile devices,34
10,IV,Cyber security-Organizational Implications,
11,IV,Social Media Marketing,
12,V,Privacy Issues-Data Privacy attacks,
13,V,Privacy Policy Languages,
